Stt,Mật khẩu,Mã PIN
1,3A(FxF4Dl_MhIFb%1,7109
2,S~i#0bu&y@s>VT(Ml,3005
3,Wv:(iBkzci>BTb?Q7,3478
4,j<#$iq{xE(V#R~l2kL-,430498
5,1H;3!Bb3S;lCU+Za5xc,916636
6,nSqxPA*ThsH0mJ${mK,207750
7,]nbf8U:Dz!QmyyH7~t,372203
8,AvVT5;Uel#/jsBh*E2[,8017
9,!3Xsj2/c8C#C/LR~,0732
10,nc:pNJAD5$KJIx{5,455315
11,XnN8(}/*3%zf=:n8,2009
12,aK)EwD]R&59Ad_J8]y],3204
13,yX4X!Y$b6!B;2LclS(,286564
14,&4(KChQgRsKoZUp:,856643
15,t1I~YmFF4!9w#K-{,1243
16,>7^qQ;G{+VTj%#Np#xX,634778
17,lMw72VfPL*Zwz6u&,852283
18,_lmMqM9CsyP&w*rU%,2226
19,z~@DV+2Rj(b_8yK6,7651
20,NJPP_!M77pPQ6WvHH,361838
21,*@4g1X0Xc!oa~Klz#J-,9419
22,ppX~MBbTIH*7!JynqEd,571011
23,X#:m5yW=b#vG3a:ZDXB,6291
24,sNSp=D$)Qmfkv2H>*N,6030
25,{xp!3AG/my4fng%v^=@,1043
26,tpVN6mQY!F_U%{NaD,4503
27,vSBPvuot:g%5z32t]!Q,0646
28,x}XI#}q_RN-n_u~OF,0459
29,BZX-WH/!k!j6e:q7G,5612
30,oiq)}$H?Q$mk4I(v_Y,728623
31,kvRusZw!P$gX]qKa&A,923782
32,#$H<;D$QC?YOoyjLz,3849
33,ZRcFLRi1XjJwqTSx,411044
34,@K$_d;p0%*fQ>hriZ9t,8775
35,;:xPvDC/UJgFM6ergr,4682
36,w:5LssZPUuVHa%U;GR,7881
37,uj-]Bi7qA7z2<835*,602004
38,JRe7fO<()lTBJuKg0Q6,1587
39,B^23@vX<pdvSgL@L,2190
40,Q+7O80cQuYs!(zN],1440
41,iaTIHW$Q3yfi&SjA,5138
42,y^^S$aC:I<(>Q;)FE;,659006
43,9{>9<FqhN8sQd@q4#,4969
44,K*>)K0BMVlJu0=8WZ,5918
45,bEd^C}POYu^3N?fSC/%,8257
46,zIkMEA(GY4jKPSt7u,7041
47,Bx;+[RjLJP!Hq1bGm,7079
48,oXD7(AT%B?w@<*Cqr,7022
49,RboA}X1Je!UB:0{+,5163
50,Z70z[q)4^KN9i0rXc2,5933
