Stt,Tên,Giới tính,Ngày sinh,Nơi sinh,CCCD,Sdt,email,Địa chỉ nhà,Thẻ tín dụng
1,Vũ Tùng,Nam,1998-08-06,Thành phố Hà Nội,001098409954,0826532457,ale@gmail.com,"Số 108, Đường Giải Phóng, Phường Lăng Cô, Thành phố Hà Nội",060473371957
2,Hoàng Ngọc,Nữ,1985-07-14,Tỉnh Tuyên Quang,008185665020,0822542694,ale@gmail.com,"Số 229, Đường Hoàng Hoa Thám, Phường Bến Nghé, Tỉnh Tuyên Quang",3580421383965910
3,Nguyễn Vân,Nữ,1993-03-19,Tỉnh An Giang,091193275572,0946612426,nguyenjohn@gmail.com,"Số 170, Đường Giải Phóng, Phường Bến Nghé, Tỉnh An Giang",676334912091
4,Phạm Hương,Nữ,2005-12-25,Tỉnh Đồng Nai,075305396697,0970956983,jane06@gmail.com,"Số 236, Đường Giải Phóng, Phường Tân Định, Tỉnh Đồng Nai",3542521007591914
5,Hoàng Khoa,Nam,1986-01-26,Thành phố Huế,046086881599,0566285334,zle@gmail.com,"Số 1, Đường Cầu Giấy, Phường An Khánh, Thành phố Huế",30139902330851
6,Trần Tú,Nam,1964-09-01,Thành phố Hà Nội,001064904399,0787893671,jane70@gmail.com,"Số 38, Đường Cầu Giấy, Phường Tân Định, Thành phố Hà Nội",4869177582892004
7,Đặng Hương,Nữ,1986-10-14,Tỉnh An Giang,091186281960,0962915586,phamjohn@gmail.com,"Số 108, Đường Hoàng Hoa Thám, Phường Bách Khoa, Tỉnh An Giang",4817100247071653710
8,Nguyễn Thành,Nam,1980-05-04,Thành phố Hồ Chí Minh,079080927646,0569535884,zbui@gmail.com,"Số 167, Đường Hoàng Hoa Thám, Phường Bách Khoa, Thành phố Hồ Chí Minh",4086226117816066
9,Hoàng Phúc,Nam,2006-09-07,Tỉnh Quảng Ngãi,051206021628,0354286995,jmai@gmail.com,"Số 2, Đường Trần Hưng Đạo, Phường Bến Nghé, Tỉnh Quảng Ngãi",6527787362027081
10,Nguyễn Duyên,Nữ,1999-11-01,Tỉnh Cao Bằng,004199676095,0944039011,john12@gmail.com,"Số 145, Đường Giải Phóng, Phường Thạch Thang, Tỉnh Cao Bằng",4750421003903293
