stt,ten,gioi_tinh,ngay_sinh,noi_sinh,cccd,sdt,email,dia_chi_nha,the_tin_dung,source_file,data_type,username,password_raw,pin_raw,salt,password_hash,pin_encrypted,is_secure,data_size_kb,sensitivity_level,chosen_algorithm
1,D7s/8ZOlSGxjEP6R6mTH+Dh7HBt/OqphcwDJGdhGQF64YNKrH95W5omuRPl5SfDZvNPAWSkiIbLvE0JZbDK1CpzMAcZSa5OuFNHGo9sn2Dhrat5+MvntgsIum7VXIhNTTpE4HhFdFAjuwVu10p6865YKr675eIcUy2Njoc3/3xnixTVeFEloit4B5KJfPyMw+he1sPuSSDOnMQRz5FI9bdp1R5mW2gcHznWctBNyS5y76kR3dIgfpQlfd3xmNgdVBtBB1t76Q3V2rLrgAHgAb3xKcgCqnh7grV8c2/VSMJ6CDzRrgVbW+8bCbUhExnSQjj16fk86uagQLB1FLiZ1EQ==|ycfeBZ9ZCmYPwhwHgnPtZg==|hAbefBSgC2rq|zt1JwqcO8lTXxkifq+OcTg==,Nam,1998-08-06,Thành phố Hà Nội,fBSjHzCuAJM2XJvbUKDRVBYubAy4IQP1+dRvFNAgE/2dn0dlychf2ARg5ZOLAMEeVtDW69WdCLIRvw/d3int3mLrJOHgEkOym2Zf9sH5FulK2MzpZVmE1uok9Ocx0t3ghQoiR0Tvd0vzZw9/UhpQr/t2gyOwxe3GYXC3WJHOspchpDaL1blMTgowQwgV3HgsX4r1p1VfjkbyswcfM28qi49LlS+c2fa5BWIsyt2KE7QTPvGqRDDdatZxj/nQpHJSNxrortV13t5HK072Oesd6RhmWZ9p8mr3gTDjuP/Qp5kHhIuDB1MFmSACAu7BMx/R/QKB6iQHxA+598e/WMCXKA==|g5ZeChgftNN5XoaqqdGxNg==|nUKaxMjtnRogwQ==|pYh8BWXh8YDn1Tx6n0whbQ==,iLNQcrFoUwHIosPSvNDH7G1wrHhcleX4HNI83nInAaAhPA/gkuqE411u6+s1ifAOtcFvg+bJDbKplFONYJ8c1rUHqatvMCUIeg0Gwbq02LVbJEilitC7ghV4XonUksS8PEOxgG8Xw6YMz76W9Vouui1ffJosYubf2G7KvkxolQNlApKQdZZ2SBZns148EIZc/biQT6T+kUCwRCJDfhrAh8ank/8rS3NTh3VbzKTtGDmJMcRB+GEpl02PjRpqIhFA+Cw9JDmeWhR/U6qj8JZvXN3i+zNBFLyW1aEga80jMWiXxQ4Bab/nbHf69vPM65INaUser8EqqDyFnleSJd/XXA==|SZbflljmTJf3oMxJQnTPJw==|HII2nxFvuHR7|9q1KZZYdPYTf98qNntG8Sw==,XLgPTCNoqKNTfY1YhhJ0wfWSxM8wQ7I+L5nsBboNwOWVH1k9YxGun9tZMie2jWfXZnEpldaDpg6FQ6ENqIIXyExB/zfSdyqgAxZB+TkO4ChruPu7/7WLS/rxq2HxCb+07wT2qJjXLNnw/cdqPwsRqFr5uStr+we0XHr5yhQcCdi0BrA0TIF/62EBqXwZmHYRrTIF8E22K7GgaxdYI2tCwAujowiX1IhcWX6WtjhnyfpN0MBMUVRXfVCZs0+W3a5YqHsZRc/59j/hpcZSMwWP08PSWTJ8J0O/bjT4AvlVUofVQyQWwotVqsYREnF1auVw2INaAin2eUNDqgg40hgxGQ==|KWSz1KLxvEwovJbVU5RCDQ==|GK8WkU05ThxMvN7Xbg==|jILLNyznK28rwk5HU8XZog==,"Số 108, Đường Giải Phóng, Phường Lăng Cô, Thành phố Hà Nội",VlIvhYTVCD166DqjVmwevqOLDw/aCyeQ42A515fg5YnS6qAzleBgOCesTHXoxFwSKyyuLpcM7Z8qkWdXVlyp1a1DfkTsxohGpzrghJUxs8aAeSqd7nsAOQn5Sq3hrEvjVtSEdYBSmoBhGEA6MHB+wjo8sauhYfiBTnTDRGZeUGExZ8E2gUCXlICjDAoz8Ofxa+BzNJrgBsNNBQXT7SlNf4miX4HcV4EsB3xhsA+b+qh+Y7phhBCy5UcZpQ11W8B7eYu5nYidyOWyaOWvbMJX8zEdzJeNnIXsZBPMMAnLsYNT7iDclUfD3NZTZt8eSJ26EpZ2NWHKQdd2QVYCbEDuSQ==|e/pSAtLFN6WOnkzUg2u83Q==|ZK+BhGSGZ68vufc=|D7lqZ94aJjZ5gxDKyHMQFg==,fake_pii_20260925_214952.csv,"CREDENTIALS, PII",,REDACTED,REDACTED,,,,True,2.707,3,HYBRID_AES_RSA
2,e1rkg2gYUzlbkduqwNT/9lXtEghJvIYfBzMMjR7icB+n6LswhBOZskdrAo4XGtu0rv+xUlaRCL28MquAgMh4F5UuAPtD4OOHKiZMYj4FokRKMchMJltNs42ZqW9k4oCYymZPm/I/Fvhq4pfEJ1mHL/0nEGDiyb/ykR+6SBrPg2ItxSNVTa4HZ4dJo/kFQ73h7bLVUKQBdPltUY+QVfkz3Fa9TUKOhgR5423Zhjz8H+jv2RezfjPnFgt2HuyW9svsoBMUpP3+mAZfPHZ49v+lwX4hhyVR+m+dnfigZ4kXJbxIuzDynx3vUCCXpJ8dQfQDuX/gaZ1pwyUWcRjl96iAYQ==|/K+mneeZGDWK2CAiBn25Yw==|MGKLNZtSeU3gRCeMDA==|VXAazCJQxY1iuorpOY3LOQ==,Nữ,1985-07-14,Tỉnh Tuyên Quang,XTnLffHjfTBR9ozNqFwmZqXnytaSSJk6yLOg8HCwx/sBEQlIDVQq4jQOBqkw3HC9nL4hsGQA+ecVhIS2Wyo8mQLjCKwGse+7HJrsN1GShA1XPlLUsBrvNQNI+IFPIYmLO025jLJ4I5qv+o3g/GcjNyM6CMsYohnTYDjSoWilgF+png3H/CnlqgHQQcKTZJCC4ack4AyR9477GxKUREYxQdQn0iid9yJQjX1rP0zEvEDnlafMeMZZP+H21N6MJn2iLOUt39mTuFkUEDe28cYBeKyZVYxnFcCLLB3+t2Pz+KlgDem3n0zBrI9W97OxHkzdR7Og/lnJJFXOzv9qocw4eQ==|JQhnZHprjzt8Q6ITtecOng==|OVA/VCd3oJIWkQ==|Yp3fjOupHTYwSJngWplQMg==,Jc3NhB+hx+SGQObo/A7Xp4qw7A6O6sz5mvAfm37JXUgDAlU0j2HKgrZdE/3uieS6H7LtBOpZLBsR+4qr+Bj10b9s0XRMjSs8GmovFs7zdaqZlZussgCaahSgTwFztGmA22XMG3sSr4EYLDmtZ1FbnOaOmWxmW97jw4WsEZY29T1QpyJMchYRjo+ebQ8OWjY5nARb9vP4x7VHjO1pQbQeqGdrMw7Yk3tfL0Ny72hkNdS5RF/YKh6XiAzA8l1Y4H72zwQIhX1Pv/wofzfW9R4WJYKOjb9Tzw9FH4HRPcCBdg9OzM5Wj8a3XMwvKEMGf/HrYucMYssjt4YugZHlwoNOlQ==|NI3DEZaII1uP5x6Cx9dVDw==|7RemLosfg7P8|e+pzKLPa1flFaaP5evcRIQ==,lm3otX50w5aMphM6a2pnLIJieBiN0OIJ8cCMNP5AQU88d8rjU4kPsVHavB+BqRdf4TLJb2Oi/Bk5Gs5zXr9aqu9JAjRViFuS6G+nMXnjowLh5o4Yp7OppMtQKS3W3RJJ9q/KN+XOOVc1wYY7rSEfK6cWwt0IoRvI05I1LcNWZWHKB1vi94aGb0Ah9obwBgo5MduUcuYEnqcZXL42Cza57oV9BinnwAEzrMQHNciqIK2BbTYCvTPHP6vtd3PDkYGKW3FxC0rl4+XLeasdl+UGCrNadgMi9BaQIdel/wTRsYs1f2PHfLn26hZ+jWIqf4+1Uw06PHn6ptKJdXnZ3K//4A==|85zeel+s3LHPoJ4He6YImA==|RexAl//GziWOAMfYFA==|rLlcyfymSUjmIFVH3a7s8A==,"Số 229, Đường Hoàng Hoa Thám, Phường Bến Nghé, Tỉnh Tuyên Quang",uvT/Y80PvprYD8iCopxfKkaby/ivMihsjF/ugha1XunYKjody0YQ8/56Mbi+hljQlQZgVpb9BtW4fJOrp4X0Okv19kv/IvKHs63Htr2sg3TxKnw0G/LJkEumVep/ylYppN6I/lRk895vBOaqMzJh5KdqRjVXsZrwZA6eyTPgtfJlHB/GIUiBaGwswtAg2TYj39s56/pPFMFrYuqtS5NmFbTpfU1ZieTESfWUF5aMyRNU+hGANiD/g1V831ukHQTVkl9g6gc6mzqPvR+4uYMz5ibafrrTI40zIscbELlwSiTveXVkLX+Xow58QxVliyWzcJ6aCufF7OSiGIrz4fbznA==|/mlC91lAf5Y5z1RmkXsmXg==|so7L8jSzm4s6Hld0LiUQgw==|MDcPS1tgy7JgczumuXXt9Q==,fake_pii_20260925_214952.csv,"CREDENTIALS, PII",,REDACTED,REDACTED,,,,True,2.707,3,HYBRID_AES_RSA
3,IJYTrmz02dSxMLLPAVeTsaDvBeCehuJJ5Ogy7ft1CycogTGEJDQoincAZc6xXCN0Z6M6jEHzWWPs6Vka28XWjWYnkdfUUdn0PwIiCDdZULlDeuU2stVjfDxagFs1/b+pE2SV1Fy8FAbYoQcXZL1MHx1WksHGQU0qd5KWGqfAQXR7KIloizf9pcNWrVDw8T0BuP4Vuo6uYkyQZpovFzOjODxoIP8AZePlSrSAA4AdoTVlKTKISghb+K3IL76uVty9X0yy7wY+RsNouq/camWFdmNsGyXpCiPzgbBuH1s7/mSMi+TzHF+hOYmnt/96IYLlC1uPermVZJ+MajisaLKM4w==|yHXYARMqNh2rhK77KDoX+w==|iI58Hn+lLwwHhH8Dwg==|cncGo88S2BBY6iKZoOo81g==,Nữ,1993-03-19,Tỉnh An Giang,s5iLIKEfNIspDSy5oCjQTHv1cIR0XxHxPHJY/GRhTvD1OCisEEg8e0YKU7ScEiTQ1fICfmNsVK4P/FjAglpWX4t2qByQyBm+t4npOG/mUGxJ+26v3UzBjnr0TWI+f5OqBCx5hki8C1Jw5DHi3M8TCkT/72XqrnMf1jYEqAtpd2dgLQqi6eWdkzwtjcop4A76OIcmJDxLXQ1hoJfYWjwu0SSg0+/GJK3juB+p7jxsgMnBtE+Sn4D1xgFkPKK3yGZT09xOgAQib+RicPLDID+Iw9NAbYvh/yKX+sKBss2+SmvrTzfi0XLK9yEQ/uSt9Z88B8HWc31MOUnbwh9fFAQeKQ==|SriW43dkwKVfYcAXSdwhsA==|XA6BzbXig1TFDLk=|HsznDSXZ35ClvJoRO8efaA==,fJtD9lweTaEXCk8mkrO0/gWlmG9bsUJQHOFT0e/ADQfBZHHAwN63jr+STIEO9n2HjS1lfEt8K0DEowljlxgc8AVd3yiU4+QkAQb2WZ0XizMvU7odKjcSm8/T54SAgV/gu6aJs6YUoVdeo0+cLdhanBEp4kZ82g81ISiYpq1woGRpbOeFy+CCJhvU7xAPE8kX+8lnj73iOax+4Q92F86MlZ61AFevjjgFb7mBPFaJ0XCKrYVvwy0xjSp2cJ1fahtcSZtqRu56PGAPT3hs1ZJyyNio3/tEbHttD6Ph+FeE0l5p5uz83AfHuBrh7EiUMdqUlOjWuich4ikIsq0KwtUiYw==|tIphbo7akpkHMQDgUcpo0w==|XwsY12f554il|I1nkQz7/bZjMatKFOD1CVg==,sqHFqLFU9pLcEy8LiZOhf3i2D7v3XZ+9WNr6GMiN20N1RM3GvQcDfwh1dGnh5M68dcw4GXCtbbt2cXRQQ4sJahjX04SYxTc2IRvlYIyTqMTc/jDnMRyt3DHts5jWVofY0o8LR3WT8TcpLDV/K5s/c8SlP4+zcx+MJ9HjLaF+VPn1jytmGwyr2UkkckLiBC3etbKYLG89O3H20OqYGxN95gtQD7LXvu6+P8aVFX+ijykjKkYkRNcKOBO6pPtDiwFQQg8ekfwfd2l8c0rL+mkJnZelIpah6xmmF6l0PwdmuSRLiiMHHVtS6pNzvSXkqDNW35fsVm9KH0qs5wyh+R3InQ==|D1M08XLLhsGhR9ZkrQvVDg==|vfcy4vb3Hb0GlK/W62LqfN7oJ5c=|npqUkfvgndFV6u7j18QZPg==,"Số 170, Đường Giải Phóng, Phường Bến Nghé, Tỉnh An Giang",kJ+kzgafePqOl/i912BJlgc6X2hebT4YlG0r/Uh/wngcnY2/Ir2sw+4LEZq5PAP7BOJAISR5Q3WHjKiUDhUG/NYYOgx/7fIrzK+XySREuMmUml8zmzP3tiZ5MaL5COKaYv9N7bs8HIOm9bHB+w9IUGpkmGgysctTpOF8luXgaxKakCMuP3pRxHxbNZASvwqreRamRRfxqzdFwJnC5SbWhfsULLqnqkifbpSfrLlS5C3SfbB5OqL5Gv0U3KksMB2WWF75zeLtvmntR/VM6ESHLoI5OT5+kC3dXym5mf/qHqSypOPHzsmtGePj4gsEj9tfUuNDmm2fPtXcx17UhWZ5EQ==|ZdZsCPQmbfkobWQTnQafUQ==|dGk/y+AgTpt2mvuW|CcROtouH92Bnr8xgmLC4ow==,fake_pii_20260925_214952.csv,"CREDENTIALS, PII",,REDACTED,REDACTED,,,,True,2.707,3,HYBRID_AES_RSA
4,frN0dEsMJAYC5xhByUyXkLnez/3iNuT6rmijis22cSqmuCx2S3FLdGmbj+OAnflVUK85cESlhe0GhBJIfhVFhMxDZ+2sUvYGVr7p8ZQcw2QNLy4aggmRP4ie0Zj4ejk3UDS1bizAFg41KQGGhKjoGKT3rnq7K12zBxmBK5iCQOnci/NjzhSr72KesZtmJ2pr9iCXcxtipuN/Kt4AiH9bQ0iTSd+9UPEntts2PhKhZPCo+Lim+a15IX/5a6WhkKfakvNiqVKhh+8taE+YUoCF38hdrhY/5g6xMUImMaLRY2ZAXtx/CxAlkwIvBkGFs+HMNtDtkueHFeXPFKR0UBxz2g==|SAKtPENMAtEd8CruMgoAfQ==|50Lu5Q+W34ap8WenPe4=|5kuRnPvt34e61Iiz2zws6w==,Nữ,2005-12-25,Tỉnh Đồng Nai,cA6CPV/eykRKpOU145j5Ap6s9kX+kuuvcWwDgx0bUqpoBGUeVuZhRqrP+AaRdumhWealE7Q8ih/Ty8lflo+k/QYeb83je8bAaAQiwiky/tirTjvy2ObhqZ6C7H8ZUUaeqOV44ej7N3V/Kvco1NTciRJobayigTO2ZVS2fLOxxKnZrkTvkf6CQXR1QQiWZaFaHoptKmRyUeaj4aWrMBBKkl/9zQQyP3hSdsnr7n7mhka1olxH0stjmO1hE3gHwW65ExiIGFLZX03i5ZOGcL/te/sEL1wimeSs1RRa9IY4GkFymNzFEV1fLnOI741dHmyLfFW0Z3qor5l3d/3nEuoMrQ==|ZT2GIwFsZrDIJMEPgtqxxg==|sL982VEEa4O44iQ=|AUoTwYCQx7JOvPUxEGFkKA==,VPux2WCy6zQRZfORXweuhA7c1oRHdC+JnUScrWKFCZRlwpEw9mXr7mmJ7W9Tyrh3tK5lggUYZ8r250mdUgm4sATNoO6oBHZOeAc4BODgDAlL65697eUi0cM/kUVcThv0bwD13aoXUw0JT6NVfm5l8vNcThh1jYtNkxMjhUc1fqBfv2+5f4zReMOVpT+luF1eor6WxAzsbrq9twMbACO5k+u03yqb8TawLlf8lF249swn2qVeqhKdT9CzRqC30pVDifqEcY2RMyBEOLsDDnibIUR8iuifUq7JTSD22LAllbZJCW9/sD9RRahRybhTbQiWzeSivrZd7BVBg+dmeg0crA==|bAnmciCnd9wdJWsbB9VUeA==|MmQ4NUs9yu3R|seeuOba1tmJrKA1WU9iaAw==,Xkk4PiUIbPsJs2wnPNGYzjFx+qZit5nhEGf0FJsNtx+fhv3JsHUjHexQr4AItzTIJ5rSxFL/AF4Z6dX9WIrIU2sQ95xTXfbq3cwyEWB9r0xFzkYq3JtogDVIKPurjZFHbZ/BktGxqxSONX1CgrsWVuNnLoerM03uHOf0EXMM7FzWTYyg+ZJpCVWDxsc4x/OTWMFBxJZEnfvIogWm1P+Bf5nn1jRJtgA/UpfolNffPk25MbX5vgjz5Tb1peavaH2zKGYYN3OgdvikWrKeTpCvaVJdFb/Z5DTi4xJuX1/jEQxhjmy5oRwA0XIcqWpWfwSO+o5ndOgdq61ezYn33vDO7g==|fcmRvRv+nLsg7a5reyf2YA==|pT6yJjS+BdMXWuQ805lNuA==|RizE7oK/7sKj16/1fOon1A==,"Số 236, Đường Giải Phóng, Phường Tân Định, Tỉnh Đồng Nai",ek7ZDbuCTsR3NZ+VH/E4GzVpk16kDnrNz9c/KPpo+Izq46m4NZB1d9eJ28Kf74Ol7DAdNNYVtmWh/6ZEruhk85y8QTv+6szCQC8Pk3F6Lrp22wnVZn1BuUrZoIvC/3RjB9cQ9lbgMvvTydiTDnahAHYmZ2EGGbCndD2HAr4iSDS/iadTJqstjOaFZlRDdDdX3asCwx0T6w+dVYtQ1dhCTR2wNCGc9xZveUNNcWQ/4Zmb5h6XRVCudfEk64m7ecc3gfev/hyTRmVjatyD7Fbo7528oSVUOKp6o2Qs+C8//46TtuurpVQ1nekQ3BEpN30ncB8XrSeS5WgnCFVqaB/Qww==|uSIGAXPsSPdz3T+um6ycRQ==|6c1bWAxzdrN56Mpdo4+Gdg==|oCIBHc/9Rlz6oLiayXquDg==,fake_pii_20260925_214952.csv,"CREDENTIALS, PII",,REDACTED,REDACTED,,,,True,2.707,3,HYBRID_AES_RSA
5,Q5x9NFrZloi1MLUK9bOXoihl8lRLw0Wc+Kz1izpCtDgGO2wdwX2Sm5c1cOGVtpA2RGaQsncCbrcn6GiKIJYc8JTaW1095OKiKzv+wQqhS3naBgZqvahKcmtlPUCUJiBDH2i0L0HK3vG/SvVQir3TS7gAWF5APgwZiw3KWGgyrcOINn3kp2GOp/wLtOEWtuRBxFrWjoZtNxPwj2dPcVvM3Iocolo88VV3isgmdXFmcx40QyWjh/1euaSjR3D9SeImrOxR8aBA+M5/F1b4ZZD9r3i7UsOGrxlS0ixUQiRSXScJmH5SohcXMjzKw5DzsztVXNzgQUgZhueRs54FBB93GQ==|5CcJw9xz+1mGBcoFDurBAQ==|GQtf25zI+16+D50=|R5fOmGo4NV7WBeVXK8ooiA==,Nam,1986-01-26,Thành phố Huế,Ep2bAelfMFhJhw5XCFlgBh+byh9+aZQMPiwl2l1KqYICjDl3uANguyb0HjFD+qpVYZ7eglwMlGMczih8oVSQMe3aC2dmkANYOA8BU9ilK8+tLqAF/21+8uRT40ZtkGVkQWnP1ndISKe7dO1xPieUjtkkv23f8S7YCCmp/bo4/VdH7L2pg2ItrYR7JOTLZGuoQ8n8QgcOjQw6dVTplNUQQEeR24PDwClFkPLsm2wRn5+Sj22TTmsGmOrxPnoCbwwSQrTwcLu2E74w43gOj3hc7bgXfJWe46B6ZNhnlxwh3No8L2LzloKbYY8rrhjezsg3/GHYqNsivd9N4CyyDjpYpA==|ruEB/FuyJeljB4Vaz5leuA==|xFGfcv+U8+ckq5k=|rPCAsY/6ucwWipzEKI+QyQ==,slsgD64zYz5UpZhVtrM9vWKixYL5qhNpxMoKYulRlpLLd8kEaik/KJregQyO/EyPP9TR1541TdOZOMtCtsDIP/1wDesWo4mvfZXTZrahMykfkAMcjArxSGix4oiIJLr6bg0VY+BgpPf/a03qLpM/BuBEOWaTaFf/0RHhJHsZdOsNINU42NICh88AFyNEcIsuhxuQBwray0OT5WqleO6br7FrucS54eZeTGJ14HU5glmW6Z9MmmO4jos21QaXL4FdZJVy1L/arYGxuC5n3f+RwzvBecy0vb+zcXlYEBSwBw+92bVHfZjB4WVsyBQdDdsEY5DeW5tdVs1V7tA1eLdhpA==|F4HZroSZ7uWkbdpojoj5MA==|hdHsWKZsYKnG|obtt91UjWsD/LvfzFGjRtQ==,JEcqlLgojE5rsRiIrsMeQ14DPqYxSz3UvgPdMcxI58PjHkaaMS6SvymNTz6am0JPqlTeZpZ+Y8k3Bzb3q0gQ/bBTMFp9x22U6hDP4V9bszXiqnSFvgPIxUIaTRx7E0WyuSPvpjhAQ4+bsokk/YXbAVyaEP2Ta15lYY+TUCz6t+azyrTHOcdcAPH+K9z8pjuNfIegOZc4gAPg+iVz6Ic5GhvLTuVGYf0+bQxGE0kF6kFmHBsqpdYaUBNHPIkoOkykf2LwxDKcOW0cOGkfW/PXnI0qv/UICeVBI8R/r7cevpPC2SKENW908+k+GawGDxyTXYYUssNoYcjEM9nFupE6kw==|eqtVpkxNV+LbUebeyOd3sQ==|rYV8AS8AzKBL+8MC1g==|9QrhrS8ooEU3BAIE2B5t9Q==,"Số 1, Đường Cầu Giấy, Phường An Khánh, Thành phố Huế",UF3O+J2ymfTsAEehDI1tvN0H/LWoR6rC3X2EqPQYDk7pZZCVKgpn5H6+gAw+v8tI//nbcXR7MRiYGX4bO07ofr0aHakBg1nkohd5CfjSVmiY0dFBYV5vjFFeX/hnw8cpTyAZmbpBmxJ1i1Im6U2WfGFP8UjGgWkpWCKZ/ztuCqR9mxZv88uaDUwDgj4C6JzAgXs05zQdt1V+LXcRI660HXKbJkZVF0tg1Bbiz303s0LqjLMPhR4G7+CdvrVPM0vg7UM5WpRILthpCPg9fue3Ut7ybHac/6uT+snuUudACk0Pt58GGFr0Rplo6k7PgrenOvOwhmbTKlck0e2IZW050Q==|UjTrzDdIo+OkhgZh9k4C5A==|zvllCusmSyHFSmFd/dc=|4i7kAIJ2jrwj7Gb98u3G6A==,fake_pii_20260925_214952.csv,"CREDENTIALS, PII",,REDACTED,REDACTED,,,,True,2.707,3,HYBRID_AES_RSA
6,b9O+iStJwAFTeYNtmMgkB4scy9gKiYKQcMmOrU/hGp3UumfvDnmscSqrBnAlAr+DJbdh3MjzT3PQzIutd0j3qhpYfQgEXgQAGPvPwSmNiB771hpeUCGd963vn2dNl057gXAdVAiZExsHcX5qabb/FQoXPmArandSx+VkwfjteDvdPWs6oRo1GKTs8V24mc77VjtXECX+c/wic34T5zOj1VS+PvTke3JxU5608xnJ0Frx/QPfZ7ctwA6/W898lSjzGIC1XizILFxLK1h7qQ6JBtgVeGDSctNCyV97Ob6bEbwXmk5EXXAAMgAgm/SprEFZc8aaHfsR47/If7YBtrSfaQ==|DGgG9kngto96+kpMWTCBbA==|+5cgTN6usfC+vg==|WBzJiYXnH0W2GqSgbd1YHQ==,Nam,1964-09-01,Thành phố Hà Nội,iuvJResLirckq0/TWOxpWZBD9mUB8aQJGXRVAwjsw/T2rfpCn2F43V4tNRTfyyjImarW/m4XvrdK8jGa4xoUH0jekJgrklg4dHMiBgXy3TTGnkvBgLOD6WqP+AJwcNWf+B7ykhToIuodIXqRjtvPPoU4/CFhdUtvGUbsr803nolBuZAocEBAdO2oUgdh6egv8m1AOKCCq0EYAjaXgPnXL0aegTWgu05SZflUDTuFKu/nxo6mYDYs+bhJyc0HUPR1BLbnwY+pTEYB0J6wk+U4sU+Y1bfg2tiGQ8OkZJzmTfwZhri6zPvlXznEY2XohervsMHnkTV/8EsBu4Xf+QVPAw==|qMIfKsgfiS6m+IVrpNzWKw==|GmeyJRb6xRYTIQ==|FnEYAlIn4uKB55nQiDaQ4A==,JlZdInD8ZWO67CzCMqexzaMklnq+ekjvgqUhvdxHSSwFnFD5gfOpKWMIwgJWD11fjlAd+xgSRy+Ht52HiGhmsr/GdlwKgeqSkpStzqMBgra1LL4s8na+ehy7GOH+P2F9Nm8U8SvRl2BN8WONUAHFa0LHB7WZVQ4i/A/gDk7YXWe5reWA2eGmJdhs2fmkWoPxqjCh1+CLj7t74cY+Tz1I+vdrCIUVJ9iSigvb2GSywfOWhhPqOqIKe2c613UP5PPiyof2A/pl+Nx+okTJZ4JZoZ91otc8Zs5tNlZa2UbcwQQtOS8YDv+fOeyQG51f7N1Fr2/hkAeuT7fWzF3UDCFLqw==|nTgHHNrGBCWvldAdkUxbhQ==|iUhgZg0m+L8P|chPfiXbQ1AbQOpd9dwvf6A==,uBZUo1RY/GdQfpPkZDJ6M3t5z/mPJrKmehB+P3NmXLOG11mM/O6L5qlMZfDdXo0S2SmuclZwDe47h9aw9Tk9cBpjGlygQMZ5+BV55G55l5bihin7IWex0jhrZb0rwPpaLheu3FOiQ3zMpkW0SXCvK0etcQ3U46PzK11sNsKGH/pCA+MmtYO6z53oeUJXHE84zoeHcWRihxz+MU+5EUr5OVqe9o7LPVEYqw1ejXR3pLi35LIIBkP/tXJ1GHEeiOsZHzkv3fUtAgM4mikKcY/lwyPMHt6NjW1Uw9LW2LpDr7tw2rao5sDALx1vlugercPPfYUUP79i5hwst5qdMZF2kA==|JeX5eukzmLFE6LFBK8C4JQ==|CYT1wU06wmVXqK84hBhseg==|UeL/VQDEpozCeZTrKYno9A==,"Số 38, Đường Cầu Giấy, Phường Tân Định, Thành phố Hà Nội",Zg/aRDhBNClnn0efyyjhidlUw1f4nSY4MfZoL6zue+wRFVqJ8KxCv/2bPQkYzSW8kYVxn2pC3SMWMbt2UWnaE4rqj82V6hhw9wjfo7V4Y0EvrwqLYWPOhXStdtbeYeTn53RYXtEL8hWqtVy/Mi0KKFoNW/3BxrtNDCsTznKuHFmZukhesxu76lh1FsZv7n5XcHzl11jFKG5+QBf+RLCLroYHXKBArAWCg0Wz39HS7On2WSADO4iwAc9rHjTl5GGMME7DhTdM3XUjmltiL2T4OfpJP1zyTjGR4PZ3AJpBe4CnXQ2VzopwpHx9hH4e3BUfTS4kgefxkDxwQ0JW6XUOLw==|Z3X4aHamkZEkBGB/4l9LWA==|UM/BPxgiZpPEG0h0wwNavA==|oxtfF7PlJMZGoXkDgBgEaA==,fake_pii_20260925_214952.csv,"CREDENTIALS, PII",,REDACTED,REDACTED,,,,True,2.707,3,HYBRID_AES_RSA
7,jXW30B6OrUCkw6WoUBB92GVrMbipEiTEMoyqrSowDmeqRNOBmOJ/k+6OEX6wxJyPtrcCjQFTxxnft/LeugCD5H+31rVrFqAKvFqnu4ltHdug8CCQ2fpGhCDVCiRPWbAgIaPFqOI5iU4nvOS1MbkSjcvE43HmivG4CTFaOiyQtYf7XUU5njNleWOzfWY1zKTgJWc07C1+rEpcimIE3KKWDWr3xcViflnU3pVvjO9tKiTXCSk4ymlgwGBXCho/imD8piCwxeXGGhvndnSn9QZpsUcSioV5anlT3oQ4onY+73tJt80QE8oM0C0r5ESzTd3ceutyh6StjHaNWU5hHMhQlw==|uN1vOI/G/lA5bQ2sopZI6w==|op6sS90McK2w+25UqKsY|8rdgGrvJa7iVDtvWThh7Rg==,Nữ,1986-10-14,Tỉnh An Giang,Zf3181PYUsujs04WTBpXiRhasqyB9KjIa0kUqT6U1XMngHMxI05TFEhikUkjC4MgU11Em4F8cTu+5KZTHriW8go25Tt6aeLWZLWrXT7Otz8v55iHJLd6GYSD61hU2NM3j+RMRAaF48zF5wokGrTxJWVSyHKYMfY+1ccF2UIhnwad3/8PY3fuuXTlCxbDsvNiypuwopLaZ9Qp1IJvmQFKo4aEmUFMtSoXUftkV+6FrKgZaAm41NjVV8a+5PGV3eGC+WoXEsbWnwAu4VYaAMHWu4fjg7vTL0oIHqcWhzk/rdcGnxBRj6HiR7h1SWRYexEOYiWFL6X1fgMHc2eWSYBi1Q==|Z/qvaQhnsQ9xN4JxGZPoSA==|FDsUA1m8Z2mzVG8=|owDiZxtX6mkfvkUyNzbtYQ==,lJeg7e1D8JFsP596QS7h7UHqgX21gQb4GiT0Q5mpkdqewvGo0DkLuwn4JhijEzNNhixoLVDnCf2kbD+mV1JLitFjEuJ/kVLdXCle30A1lUHz678aeFlgJNWhB/KoXaoj6OvPDh5Vki8EAmbwCgzbMzmRnH22EdMVyJqxTa95wFRhYX415hSF+jH5fs8AdcwpCUTNi8V3zMFdqqjWk77QT6W/V972N+zQ3ufZ7tBXDBhs8URF10SE59U/MFziQQcmIGVv5QqWkNsmhq6lY60dTmEOYAmgr1BWPNpUz2UVY8VQGm/pduJ05So75VybSzmJcCRL0WU2UvkDsiIJNVv3HQ==|69PV5wIuO6O0sEDzb3bc1Q==|LnUUi9IRPq5f|dgMEPXQJW3Lrajq1JYXy6Q==,hZBQMTbJdWQ9qUcOMhZrbAWvf3Hphy9FBJAUzcQINbPAvK47OPsneROwC7yZEg24YLWDNeBkMEJsPyHriuL5AuGU6tN2aHE2rYGG02Erzs4RfbXA9prX2O1/FUDUNdcn5qHtEp1NUCSFq0aSVV0xxsjrTuSDnSXRhUCy0SkHmNnQ/N20YxNwpWnWLAmQexUkx2u1vXDCkWsRgCMkNrXEDoAporTY2rrcLVTtHzcZLDpFFOEZPPsZYtSuI1K3O8vtwVuCrTZ3ZW7/LtWIxjU8f0PmIw7+BtCUvaTNGbnB7ZZJ72YcfQLycqQkX4IbW3xOo0t3IU5zOfEf20ZeevNAzA==|PQIuzSpM2hCz3vbgsDW3BQ==|UJZ7Y2+Wv3/RM/3V8A8FVwbq|8r7VMLNTHff5yTc40pPwzw==,"Số 108, Đường Hoàng Hoa Thám, Phường Bách Khoa, Tỉnh An Giang",s7204Bkb8Elr3lf1sFMAeICWgPYrjZUV5m5x+MRPzeLKRXYXw6jfyvW2B9oR1u9f3TMC7BEZ6JQoTWaoD+/rjHWFmanLfLjaPJlgOHu8tnojUfqUDOxV2KvOKWr20g4UaUrkgTYOls35uoZ8iCBZoX1D3R5wv3E/RMJXBWYu+C5a6PNg4i2QkDZap4za0p/IzEgAicKmpV/niaw//F4fwZ5N1+RteBnn7Fj9Th4Drf/0+/3ZlUOlZB5ZsXXI6SzmiUd8qJmOS6AxweV196g5zPugrRuSg90Wv4QJPSgpTKRJi156NFIJHePMcmyimPUXKXqXjB6baWv5ggIGAUgAsQ==|EDPE/13xDCgaWsGeTQpNpA==|ILVIbon3kRrE89MTzOQV8w74Kw==|mqWa1McPIlb2jrC8Gcb1Tw==,fake_pii_20260925_214952.csv,"CREDENTIALS, PII",,REDACTED,REDACTED,,,,True,2.707,3,HYBRID_AES_RSA
8,tUnl+FvkSXYILz+pTMRHyrQp9hl4va/OLeWlXiT0/MsctH5MZx+qppVZEY+7J4EA//aM+WV3m5MC5rApg2cS1hOpiH0wT8fn+s9sHb3JEHuuqSUJOIbVeLo7locv+wtD8bdUKfSXiKP52s7+T5nhWJYpYHd369Eckgdm/6BIW8HRwwnxdznaINIXH0NTFs9wx3GP0TUwKsY6ujFwwr4lUjzPsnvXhfKiq9OqM7P7nKGTeSLqL52sQ1ffFdqAfo3XFISqe7r6FtA0Z7OXlKHK43tJAHbLiRHD76kdbzpXrNue2oI/MMFA2D60fo/A1n0Q/QJQAd10fJ0DfprlCNJNPw==|Z+bhP1nZfRT9H/y+EpKP6A==|ppOXANZJQlljTpTWGJrG|Ss3lTZatXQXnYvSctP7Iag==,Nam,1980-05-04,Thành phố Hồ Chí Minh,O3sMQQAPFIEYGnj6yb/m/2LW0G/zFx6jlQjiWWbYSXbvq4cJkfQyjFhexPAGZJ5WkW5CrAhc5ArumT1qw7EGVTyJemnag7AG+s1ebu3OUu6VA12nedlExp1/TSueRhqr+0KSSdZv+pGIgHS4ILvIy0S1Qcd/5UmR+NC7NXCaA0qwY0tq+gwibtK85ztPtE/81OTjx+KX2Mw1y31a3zB6MXuF2l8MYWzc3C34YHSGOxKDYqZQJnEflhjaJkOM3pE0kkx2+VRIwYZzYczWaa2TXg5ub7YZLZ91T6bSOHURvglSA3tk0KtCjAAin1jWytIeNztENQVPcdCwTBvnyLnBLg==|66YWHGeukJ4qHsg2C2G+1Q==|UM+qai+Q/fdtn2Q=|RmUQvMtYTFljSiq1JKyCWA==,Uo2+TrXOCkpT/EzDHVvf56b473AhZAK0hOVcbnVa5UfG6zNWKzatSwDKs8M3TiryzOw6FvQk03vN16y6mF14X6XE0+0Sc3K0KVZieMo3D2lKQpgyuiB97OQoqyO4GO262mr42doOIL3O9wLhUS5wLCtFCKqONi+XsT6d21jQqF9xztSYbmiLa+8Je9lUwz/o7iIJq/14NZ4ob2N90TBGnIyuGuDJSBB07/9wSwMc9qOi8I+A0fSkzYzb5Y3eNI6erH2uYrN2WegnipmqmPJXnTb1UgqWe51ZFJgRJXFy8e9G09j8aHap92wmTC4dZOxOLEiK31wkzqR1/WNrSBWf+w==|rSzy220PgLzc5cx6k7VRbw==|688J2nqmtUN8|oYsPmX7sz+9W/T0dTByUUA==,nJuK8vLNTDOhQTmtfKvzyLNHNRNX+IhqTpPBidp4cj23q5Z1VjVRMdd/crCjmLFxFR0V15P4UuNzB9K0xNSPuoWe2sakIHVqLDdI2Z5FWYorGTHmZ8VXzwVsvqhF1nIob5fSpBdEIVqw2s1TXuQJLPDWQXDasHrBeB7cExcwJynbdtveAPnbv7BXZJARxOEsxmw1qrYE2VouH2Cu9aG4Z2HSfT7ylB/5tVVJ/oIVRMR5yaHmOpcVCSxcxdT5CctcVnFeA8uaxTfyrkjXSse0/0U6mZRz4OCwYgqUNjuriyKvtKX7rOXF/2oplSynNlv5QE5C2e/+lLsArrjbqDFWxw==|rgHbssWDN3M3lH3JH6cAJA==|HlgMfMFQy0/BqRnsbgo=|u3OBAfiw2q/OFuXns9BY2Q==,"Số 167, Đường Hoàng Hoa Thám, Phường Bách Khoa, Thành phố Hồ Chí Minh",A0QN3SdBCYubiRuLfDyfFsSvRJJ4pFvh2cYM1v/u3ntLWug6j+SYM5P6ri71w0YP0h3raJAxBIhcixW/f+WKCxlOz89nr/i0E0/yIC5RWemg3TUoZ4PUMisOBP/M2bKO6dTp7SlWkXGvhv6gnuGG7+XjwafFsmsgWKGK2/co12pCTHLK7fWQRuoycvzp0LSrcLdXtVU99go4GLDkUlg+3C8j6CXw4CzxVvjUsgiPUeGy8ddgcfQHChB8GqVstWC1ahwYeNRmDSunUO/YY19cnknUI/e0WPIUxO0IZP9/Ub2V7mDRLShhNril3WNRxE3BoZ/S89zS+mwkvEVhyabLuQ==|5QvGHuQAgTVt7P961INOkA==|yDp9BcajA/bvHQUvOeqRiw==|jfIn2RuW0mzsrQVdYzhczg==,fake_pii_20260925_214952.csv,"CREDENTIALS, PII",,REDACTED,REDACTED,,,,True,2.707,3,HYBRID_AES_RSA
9,WqnqIkcbUPOywIKnf8FUKJNKCJe8R7bLIkgjLVEf5r+iub6H9TV91D3ErlrNWWijx9vDTFr2wdvJsFVHIvyMKd+o9AkWYGFSirCYXamFU3XJ7Zw5N4OBRk8eSz/ZHnYk8B0/Q427OOvzsxBVO+z6XENWmvzUhHtXy/F4lQ3nYGFrZJzykk8EmKjSUvsQHsIE5r+ysd+rPi0Jm+1OyQKgVkGh3AZbbB14FdQBMO+R87oh8tj1zIcAvf306Ldr84Qn/mzVM0sUAwXKOfFeW/UD+8cPh0pHZguM0GwaCquTWf/RmvVj5EW8V28WU89xYFqrWLWtvNsmqcAKyAPkN4791g==|LjOVyI7qPiAeGe4ZycxpMw==|XX67wMo1z3gutExT|pa0I7Lfzy5RRKIVi9u7qvA==,Nam,2006-09-07,Tỉnh Quảng Ngãi,reZaURA3//vxPpI5Ahr8Lp0EhXejalSWGChGPDfPfZWNaEX8d0CzfZWk3IDkAgGXJzqb8WlAOeTtFjdn8zNwY66v6Ji15ehVPtVF8b/5oXWqS50I0yZkyCepKgj8QbOtAdfcEQrU/X2B6giq0JCbMsOy4kXKss/bQkwzOHZFXRzMJkQp0U/85TwcoV2nHRsdQdCscuediFtpoaZ1aZl8jRih0jtvriKdMcNYkVmBKBLxIpvCvPKvp8nstQtwQZYXs9Z2kVvqzhf35SRxWA9py4HGFm6ADIoW5meqGja+vIN6pz2q//xHOMpJ1nnLfH7fOK9LQBo1rbJED4BL2xkvNA==|RVbkN39M4GiMUiwGOjC2ig==|HWV9YSb5eNqyjj4=|7ADXRh1OV9ccshEXBC5s+A==,Ewj0VkClrQ0JK1Oz4+HTfP2xjrVb6hi5qSzfsMOYsMtGxypZOXnoekDDRNVTg2pD3sL2JRKzzwixyNxM5tVsBWM8FbM4kAG9XyDJWjI6h9HOe2hiej1LEMnZj8qhIpCLR4oX+t5EcoDglvElxXxAiqkd0Yoq9Z0PBKkNk/0V+AnYLiNWKStK9jRF/y3I5r4dTuGFMBiae+2UcqPtV1GHCa/MWDaTxZ8dUlZ4zCnMWHf7PZLZJlCE7aRbe91ZCYLtmuZO0hlxD/5YRQ570wQsnj0Geb9f2fQk7TMSXX9jAarYDTU+2dI3iC1gusD4jiWqN6MFegsfWO+pi0TvuQ2XGQ==|iwH7cGWnccju+DnpTJxgEQ==|DERNAJUSYLKm|i/yjjGjSNa4ygE8vx+t+ow==,dhrNzP9QnSS5rqhSXT625IMzELcMEqdPFTZd0YxfwPAVTZQaTN9CjPDBMD+VKslnwVmPHf9Ok7CYfee/f2ElFm9T5JnZOt5EgrvNsqqA/kJHKq4boQugS/vayG6HO0Il+BpCqjQ7jR4aOdAljK/KpmjcLGy14pz2yhuN0TKUf36zvyFRlbCQ5154TuEvppk6l1QCCKb6qYfDbsASKrKVjDEqI0uxohKmY0M7PXdx5mADSgN32X+4us6x+LYDvjgxmgbbYVh0sHmXSlLzRYC8h3rYOAc7lOK+M5oOwzcu+b8ufKeaI/Nf4iPSqZVrI+FpNkjHwbwcjIh9kmketmwVsA==|Wn1/yZhtmdt4Y4hhfGt0OQ==|P5arwyNi96F/a7C1uvE=|V2xITcom2Dr71EWgs0RHGg==,"Số 2, Đường Trần Hưng Đạo, Phường Bến Nghé, Tỉnh Quảng Ngãi",pqqq+WebE07ewREsGUGucz6Me/iGnSE+b32KXRuUcRSUdkcwUxCBjsCTdmAX43SsNLBu6XuLgL6ZMECm8227nRR51EgFtVAtyDUOHhqomRQv/dtshELpW/S4XyP5eQJ3Y9nHRFABW2voFTeeIirWoN2QCP6yB29SZF9MkanYHm/DESOh1KPUQ4OafeLW9vnkuycXnYW3UJIr5GgbaqC8jiK4FdoREqI3krCL7hc1ufTO8HtJRE8zaam7Jp15qjQrLoATb9Vooe5+hZQQrEYQE3xA3S4n//l3Ylo/JeX8z8xzMgjw5Q/p8R7V38v857xPYB+MFx+Hgh538q977mxi+A==|MKtgBeD1lfIpugylBuC9nw==|AXmOwjniQ4uIG91DSkZMWw==|SE9dG6b5jHBN7UP+gWAa8w==,fake_pii_20260925_214952.csv,"CREDENTIALS, PII",,REDACTED,REDACTED,,,,True,2.707,3,HYBRID_AES_RSA
10,R9E3A2dfKGrXJtEBKnYXAqzLyRwrsAao285o4TzpgdVpfI3gQuNxHmtNdJQsTjwTFdCfZO2eO5Jxye0NX5Y6+RJgkSFVg9gLj5vK6bkLBJf/brUyMrW1pCQ9FMx/BSt5KgNR3IpdC/VEgbYNPFoWedrpOIqjudqY4cWlpl3pjtq27gfcvIw4cD0HnyO2Br67zn7PgZxMjinesoD0VevT3YWWDY9GtKyd6oAO1TCMB4A+jgOFZErjWvf+LtCCB0PxQC/VRYgH29SPUsXR/lKc8hRbc8k4M/EPue/H9P6sav/Kdu2V9vLQoZNHrYuGYYklfYFg0/KJ+7re8mIDmUX7DA==|VpL5vJim0zOAo1inm3g0Dg==|ziPBvzlb+qlxkg3Rg5YH|lP+udzLEUDCa8XV5yM0frA==,Nữ,1999-11-01,Tỉnh Cao Bằng,bk7FcEQwZEVN6FGkC0gZod4AYT/bJ6cN8FUFylQBRuM7U5kOODTitBra+F/4cqHqQKZhNX9MdeAgX038YyU+eOG7RyYYU9ElbjoEKs2Ty623ewaf5sdL6ItBcCZ27/sLEOKtL11u0M0rMe65960ZQGecbd263N/DKAJzA5Y+Nup+0rtdllpIVn8hBdOghvbeOUITO71tMurRpdtS9ROLvWWMQ+y/bfcB+0msUI4I/M31vD/sEEHTffdwvxHsuvcAS0XH8ux1osirn7KDAtQhddObm55PCuknDglWxhacg89HzRCqkxxXXpicqFMEeyXuPlNGb3A6KZMLqRQ+XRyL4g==|1RnOoeUgtHa3yZFsWWEvFA==|zbrxOsTFBnpPqg==|jr/0kk3f+/JGXsKxfb6TtQ==,htlWH/Ra6wC0uqrtcfn5WKJ02k6P8gMmtTcS9C5LjArwnueAhSCKLhRrJqSdwSkXOpxmS8GMoCCjUlakUcqHDBa+rD5QrxYh5BHkwudq8HFbQLxmgtQTz0j4v+zCRoZNTgIT0LZNqUkRlgslzMRZY84lCPYxDh7VPR+eQddE/iGyjadRQxUgPiQO4d3q2/5CDKSzTVBGxasm8zFRNtA0EKDHBetnjck4jQOPIQe4xLUVgep72Qc8jdQgegvyx2lXb1WRdfFCSagjvh1NaDykd4154efKJojLed2G3tISUku8D2g/TtWlThXq0XfVpxjxgwkkGOfdVG1SAND99KPhzA==|KquyIuoi22gYJNNTFfDgRg==|OAO2kMC3rzY1|jZ/3dIkKY96nS/v5YlwtEQ==,ur9/9xMu1NFQcbOZI92efm/jD3jGM6oq1QScl5BjFNM7+X3V3Buk6/ryE/m7wDBxxZ2FysCa23V3Q7dHcYHyqw/qylCPSgVjYHAGIcNCTxx0rURHPbL7BRmMaQ/xHBOvx80IAtRNlZokefsvxKFbfa33M1OOnkVrtnHhB1mKC5FQqkToAuuF/GW4hw3l3Rg44G2xJmedlrda7UvUhEhYRPP3dSrDCHoanurTDYwx2uaQcS2nZ7MEp+NPKSF4YWMHFjISsprxvdwLX2ku213fTGXbOfepUyTzCZUovtb4dZsZbq2RDO26D2DinCgRtxH5KH0tWIHa3QcFVjfI9DpagA==|T6RSvIQs9QHXKsD6v+fKWA==|QDBZZR5CauwFMC6UQo7vsQ==|L7jERI6OdEM7lPL9rgDfcg==,"Số 145, Đường Giải Phóng, Phường Thạch Thang, Tỉnh Cao Bằng",LgjuYU1m1dVYpCg3PTTmsovvkhPOHUOsoW+QrgCB1FS39iz7zkBOCMVQOGW/tB3yreERGdld3kVHzC1SLoRN7nBGGiQtJBheTXqpgQNsw23OGoqafUAdtctUtEnPEkqmP0KQruDGILEglcpLOpRcvV7yclc64CQPbxF3dHVmnL7ahngTY5FiOAsaGZ5Jef94BKGGiHjLcDbhk8D8RS9/Ffx1b74V4akGUDhjV2kA0mMsOEnt8bmdyOKkVJapnwLw7vJY+hwybJluHU4eu+CmnqsrfYL8uaTh7tb2+Lb3UJ4Lb8mvtW6iIt9e7mguG2/p0jbp3cR1I28ROk3NIrpegg==|IjLA81EEYi6VGjkXqzLFqw==|8n+usAMYyU8SFYfTzBFO3Q==|3wVwL2aApkoKArE2WJqZvg==,fake_pii_20260925_214952.csv,"CREDENTIALS, PII",,REDACTED,REDACTED,,,,True,2.707,3,HYBRID_AES_RSA
